-- Клиенты
INSERT INTO Клиенты (ФИО_клиента, Серия_паспорта, Номер_паспорта, Контактный_номер) VALUES
('Иванов Иван Иванович', '1234', '567890', '89012345678'),
('Петров Петр Петрович', '2345', '678901', '89012345679'),
('Сидоров Сидор Сидорович', '3456', '789012', '89012345680'),
('Кузнецов Николай Николаевич', '4567', '890123', '89012345681'),
('Смирнов Алексей Алексеевич', '5678', '901234', '89012345682'),
('Попов Василий Васильевич', '6789', '012345', '89012345683'),
('Васильев Виктор Викторович', '7890', '123456', '89012345684'),
('Федоров Игорь Игоревич', '8901', '234567', '89012345685'),
('Морозов Сергей Сергеевич', '9012', '345678', '89012345686'),
('Ковалев Андрей Андреевич', '0123', '456789', '89012345687'),
('Соловьев Денис Денисович', '1234', '567890', '89012345688'),
('Александров Артем Артемович', '2345', '678901', '89012345689'),
('Лебедев Олег Олегович', '3456', '789012', '89012345690'),
('Григорьев Дмитрий Дмитриевич', '4567', '890123', '89012345691'),
('Тихонов Константин Константинович', '5678', '901234', '89012345692'),
('Семёнов Илья Ильич', '6789', '012345', '89012345693'),
('Костин Валентин Валентинович', '7890', '123456', '89012345694'),
('Михайлов Роман Романович', '8901', '234567', '89012345695'),
('Давыдов Николай Николаевич', '9012', '345678', '89012345696'),
('Яковлев Виктор Яковлевич', '0123', '456789', '89012345697');

--Автомобили 
INSERT INTO Автомобили (Модель_автомобиля, Цвет_автомобиля, Год_выпуска_автомобиля, Госномер_автомобиля, Страховая_стоимость_автомобиля, Стоимость_одного_дня_проката) VALUES
('Toyota Camry', 'Синий', 2020, 'A123BC', 1000000.00, 300.00),
('Honda Accord', 'Черный', 2019, 'B234CD', 900000.00, 280.00),
('Ford Focus', 'Красный', 2021, 'C345DE', 800000.00, 250.00),
('Nissan Altima', 'Белый', 2020, 'D456EF', 950000.00, 290.00),
('Chevrolet Malibu', 'Серебристый', 2021, 'E567FG', 850000.00, 260.00),
('Hyundai Sonata', 'Зеленый', 2018, 'F678GH', 700000.00, 240.00),
('Kia Optima', 'Синий', 2019, 'G789HI', 780000.00, 245.00),
('Mazda 6', 'Черный', 2020, 'H890IJ', 920000.00, 275.00),
('Volkswagen Passat', 'Красный', 2021, 'I901JK', 880000.00, 265.00),
('Subaru Legacy', 'Белый', 2019, 'J012KL', 930000.00, 280.00),
('BMW 3 Series', 'Серебристый', 2020, 'K123LM', 1500000.00, 500.00),
('Mercedes-Benz C-Class', 'Зеленый', 2021, 'L234MN', 2000000.00, 600.00),
('Audi A4', 'Синий', 2020, 'M345NO', 1800000.00, 550.00),
('Lexus ES', 'Черный', 2021, 'N456OP', 2200000.00, 650.00),
('Peugeot 508', 'Красный', 2019, 'O567PQ', 700000.00, 240.00),
('Renault Koleos', 'Белый', 2020, 'P678QR', 750000.00, 230.00),
('Skoda Superb', 'Серебристый', 2021, 'Q789RS', 950000.00, 270.00),
('Opel Insignia', 'Зеленый', 2019, 'R890ST', 800000.00, 250.00),
('Fiat Tipo', 'Синий', 2020, 'S901TU', 600000.00, 220.00),
('Citroen C5', 'Черный', 2021, 'T012UV', 700000.00, 230.00);

--Прокат
INSERT INTO Прокат (ID_клиента, ID_автомобиля, Дата_начала_проката, Количество_дней_проката, Общая_стоимость) VALUES
(1, 1, '2023-01-01', 3, 900.00),
(2, 2, '2023-01-02', 5, 1400.00),
(3, 3, '2023-01-03', 2, 500.00),
(4, 4, '2023-01-04', 4, 1160.00),
(5, 5, '2023-01-05', 1, 260.00),
(6, 6, '2023-01-06', 7, 1680.00),
(7, 7, '2023-01-07', 3, 735.00),
(8, 8, '2023-01-08', 5, 1375.00),
(9, 9, '2023-01-09', 2, 530.00),
(10, 10, '2023-01-10', 4, 1100.00),
(11, 11, '2023-01-11', 1, 500.00),
(12, 12, '2023-01-12', 3, 720.00),
(13, 13, '2023-01-13', 5, 1300.00),
(14, 14, '2023-01-14', 2, 580.00),
(15, 15, '2023-01-15', 4, 1080.00),
(16, 16, '2023-01-16', 1, 220.00),
(17, 17, '2023-01-17', 3, 690.00),
(18, 18, '2023-01-18', 5, 1350.00),
(19, 19, '2023-01-19', 2, 500.00),
(20, 20, '2023-01-20', 4, 1080.00);

--Страхование 
INSERT INTO Страхование (ID_автомобиля, Номер_полиса, Дата_начала_действия, Дата_окончания_действия, Страховая_сумма) VALUES
(1, 'POL123456', '2023-01-01', '2024-01-01', 1000000.00),
(2, 'POL234567', '2023-01-02', '2024-01-02', 900000.00),
(3, 'POL345678', '2023-01-03', '2024-01-03', 800000.00),
(4, 'POL456789', '2023-01-04', '2024-01-04', 950000.00),
(5, 'POL567890', '2023-01-05', '2024-01-05', 850000.00),
(6, 'POL678901', '2023-01-06', '2024-01-06', 700000.00),
(7, 'POL789012', '2023-01-07', '2024-01-07', 780000.00),
(8, 'POL890123', '2023-01-08', '2024-01-08', 920000.00),
(9, 'POL901234', '2023-01-09', '2024-01-09', 930000.00),
(10, 'POL012345', '2023-01-10', '2024-01-10', 1500000.00),
(11, 'POL123456', '2023-01-11', '2024-01-11', 2000000.00),
(12, 'POL234567', '2023-01-12', '2024-01-12', 1800000.00),
(13, 'POL345678', '2023-01-13', '2024-01-13', 2200000.00),
(14, 'POL456789', '2023-01-14', '2024-01-14', 700000.00),
(15, 'POL567890', '2023-01-15', '2024-01-15', 750000.00),
(16, 'POL678901', '2023-01-16', '2024-01-16', 950000.00),
(17, 'POL789012', '2023-01-17', '2024-01-17', 800000.00),
(18, 'POL890123', '2023-01-18', '2024-01-18', 600000.00),
(19, 'POL901234', '2023-01-19', '2024-01-19', 700000.00),
(20, 'POL012345', '2023-01-20', '2024-01-20', 700000.00);

--Автомобили_клиенты
INSERT INTO Автомобили_Клиенты (ID_клиента, ID_автомобиля) VALUES
(1, 1),
(2, 2),
(3, 3),
(4, 4),
(5, 5),
(6, 6),
(7, 7),
(8, 8),
(9, 9),
(10, 10),
(11, 11),
(12, 12),
(13, 13),
(14, 14),
(15, 15),
(16, 16),
(17, 17),
(18, 18),
(19, 19),
(20, 20);
